district_id,total_productions,total_attractions,net_demand
D6,73.78999999999999,73.78999999999999,0.0
U2,53.24,53.24,0.0
U1,50.34,50.34,0.0
U3,48.51,48.51,0.0
U4,34.67,34.67,0.0
U5,28.55,28.55,0.0
D5,27.01,27.01,0.0
D3,20.77,20.77,0.0
D4,20.06,20.06,0.0
U6,17.759999999999998,17.759999999999998,0.0
D7,11.95,11.95,0.0
D1,11.78,11.78,0.0
D2,5.76,5.76,0.0
D8,1.8900000000000001,1.8900000000000001,0.0
D9,0.06,0.06,0.0
D10,0.0,0.0,0.0
