zone,annual_operating,capital,annual_total
LGHS,1559256.4999999998,2769130.0,1697712.9999999998
UNION,702193.55,2055871.0,804987.1000000001
FULL_AREA,2020200.0,4825001.0,2261450.05
