zone,annual_benefits
LGHS,2417431.1900000004
UNION,2106853.83
FULL_AREA,4524285.029999999
